{"stats":{"minecraft:killed":{"alexsmobs:flutter":1,"twilightforest:ur_ghast":1,"alexsmobs:fly":1,"alexsmobs:shoebill":1,"alexsmobs:mantis_shrimp":1,"alexsmobs:kangaroo":1,"minecraft:creeper":1},"minecraft:custom":{"minecraft:time_since_rest":45213,"minecraft:sprint_one_cm":17877,"minecraft:walk_one_cm":70565,"minecraft:mob_kills":7,"minecraft:drop":13,"minecraft:damage_dealt":3348,"minecraft:swim_one_cm":3023,"minecraft:fly_one_cm":2718603,"minecraft:open_chest":1,"minecraft:crouch_one_cm":1768,"minecraft:play_time":168436,"minecraft:deaths":1,"minecraft:sneak_time":5677,"minecraft:walk_under_water_one_cm":339183,"minecraft:jump":238,"minecraft:leave_game":11,"minecraft:time_since_death":45189,"minecraft:walk_on_water_one_cm":79276,"minecraft:total_world_time":323272,"minecraft:climb_one_cm":32},"minecraft:used":{"alexsmobs:spawn_egg_mantis_shrimp":1,"alexsmobs:potted_flutter":3,"twilightforest:ur_ghast_trophy":1,"alexsmobs:banana_peel":9,"minecraft:diorite":15,"minecraft:grass_block":127,"twilightforest:ur_ghast_spawn_egg":1,"minecraft:stone_shovel":9,"minecraft:ender_pearl":3,"minecraft:stone":361,"minecraft:glowstone":6,"twilightforest:winter_wolf_spawn_egg":1,"minecraft:diamond_sword":4,"minecraft:sand":446,"minecraft:dirt":164,"minecraft:bow":5,"minecraft:crafting_table":2,"alexsmobs:spawn_egg_shoebill":1},"minecraft:picked_up":{"minecraft:wheat":27,"twilightforest:ur_ghast_trophy":1,"minecraft:diamond_sword":2,"minecraft:gravel":1,"minecraft:sand":23,"minecraft:netherite_shovel":1,"minecraft:amethyst_shard":1,"twilightforest:carminite":8,"minecraft:netherite_pickaxe":1,"minecraft:dirt":170,"minecraft:lantern":3,"alexsmobs:kangaroo_hide":2,"twilightforest:fiery_tears":2,"minecraft:wheat_seeds":97,"minecraft:golden_apple":1,"minecraft:netherite_axe":1,"minecraft:poppy":1,"alexsmobs:maggot":2,"minecraft:netherite_hoe":1,"minecraft:melon_seeds":5,"minecraft:acacia_sapling":2,"minecraft:coal":2,"alexsmobs:kangaroo_meat":1,"alexsmobs:banana_peel":7,"minecraft:cobblestone":42,"minecraft:ender_pearl":1},"minecraft:dropped":{"minecraft:diamond_sword":2,"minecraft:wooden_hoe":1,"minecraft:ender_pearl":2,"minecraft:wooden_axe":1,"minecraft:stone_shovel":2,"minecraft:lantern":1,"minecraft:amethyst_shard":2,"minecraft:golden_apple":2}},"DataVersion":2975}