{"stats":{"minecraft:used":{"twilightforest:carminite_ghastguard_spawn_egg":1,"minecraft:netherite_sword":3,"twilightforest:bighorn_sheep_spawn_egg":1,"twilightforest:adherent_spawn_egg":1,"twilightforest:carminite_broodling_spawn_egg":1,"twilightforest:boar_spawn_egg":1,"twilightforest:blockchain_goblin_spawn_egg":1,"twilightforest:armored_giant_spawn_egg":1,"twilightforest:alpha_yeti_spawn_egg":2,"blue_skies:alchemist_spawn_egg":1,"minecraft:anvil":1,"minecraft:crafting_table":1,"blue_skies:starlit_crusher_spawn_egg":1,"blue_skies:summoner_spawn_egg":1},"minecraft:picked_up":{"twilightforest:blockchain_goblin_spawn_egg":63,"blue_skies:starlit_crusher_trophy":2,"minecraft:diamond_sword":1,"twilightforest:bighorn_sheep_spawn_egg":63,"minecraft:porkchop":6,"blue_skies:loot_bag_alchemist":2,"twilightforest:boar_spawn_egg":63,"blue_skies:summoner_trophy":1,"twilightforest:adherent_spawn_egg":1,"twilightforest:armored_giant_spawn_egg":64,"minecraft:spider_eye":2,"minecraft:string":2,"twilightforest:alpha_yeti_trophy":3,"minecraft:lantern":1,"blue_skies:loot_bag_summoner":1,"twilightforest:giant_sword":3,"blue_skies:loot_bag_starlit_crusher":2,"twilightforest:carminite_ghastling_spawn_egg":64,"twilightforest:alpha_yeti_spawn_egg":63,"twilightforest:alpha_yeti_fur":18,"twilightforest:ice_bomb":18,"twilightforest:carminite_broodling_spawn_egg":63,"blue_skies:alchemist_trophy":2,"minecraft:light_gray_wool":2,"twilightforest:carminite_ghastguard_spawn_egg":63,"minecraft:mutton":2,"twilightforest:canopy_chest":3,"twilightforest:armor_shard":2},"minecraft:dropped":{"minecraft:diamond_sword":1,"minecraft:ender_pearl":1,"minecraft:amethyst_shard":1,"twilightforest:giant_sword":1,"minecraft:golden_apple":1},"minecraft:killed":{"twilightforest:carminite_broodling":1,"blue_skies:summoner":1,"twilightforest:boar":1,"blue_skies:starlit_crusher":1,"twilightforest:armored_giant":1,"twilightforest:alpha_yeti":2,"twilightforest:blockchain_goblin":1,"blue_skies:alchemist":1,"twilightforest:bighorn_sheep":1,"twilightforest:adherent":1},"minecraft:mined":{"twilightforest:canopy_chest":2},"minecraft:killed_by":{"twilightforest:carminite_ghastguard":1},"minecraft:custom":{"minecraft:time_since_rest":1370,"minecraft:sprint_one_cm":8492,"minecraft:damage_taken":250,"minecraft:walk_one_cm":21751,"minecraft:mob_kills":11,"minecraft:interact_with_anvil":1,"minecraft:drop":5,"minecraft:damage_dealt":18950,"minecraft:fly_one_cm":11602,"minecraft:open_chest":1,"minecraft:crouch_one_cm":513,"minecraft:play_time":6936,"minecraft:deaths":1,"minecraft:sneak_time":133,"minecraft:jump":32,"minecraft:leave_game":1,"minecraft:time_since_death":1340,"minecraft:total_world_time":6936,"minecraft:fall_one_cm":942}},"DataVersion":2975}