{"stats":{"minecraft:custom":{"minecraft:jump":58,"minecraft:time_since_rest":9518,"minecraft:damage_taken":110,"minecraft:leave_game":2,"minecraft:play_time":9518,"minecraft:sprint_one_cm":10640,"minecraft:time_since_death":9518,"minecraft:walk_on_water_one_cm":184,"minecraft:walk_one_cm":4702,"minecraft:sneak_time":171,"minecraft:total_world_time":9518,"minecraft:climb_one_cm":661,"minecraft:walk_under_water_one_cm":2766,"minecraft:fall_one_cm":1738,"minecraft:fly_one_cm":98440},"minecraft:used":{"armaduras_d:ajolote_chestplate":1,"armaduras_d:ajolote_helmet":1,"minecraft:glowstone":1,"minecraft:dirt":4,"armaduras_d:ajolote_leggings":1,"armaduras_d:ajolote_boots":1,"minecraft:grass_block":2},"minecraft:picked_up":{"minecraft:dirt":1},"minecraft:mined":{"minecraft:grass_block":1}},"DataVersion":2975}