{"stats":{"minecraft:killed_by":{"minecraft:skeleton":1},"minecraft:custom":{"minecraft:time_since_rest":8595,"minecraft:open_chest":1,"minecraft:deaths":1,"minecraft:crouch_one_cm":1377,"minecraft:sprint_one_cm":28139,"minecraft:play_time":41246,"minecraft:damage_taken":265,"minecraft:walk_one_cm":28701,"minecraft:sneak_time":626,"minecraft:mob_kills":4,"minecraft:jump":230,"minecraft:damage_dealt":740,"minecraft:leave_game":4,"minecraft:time_since_death":8566,"minecraft:climb_one_cm":525,"minecraft:total_world_time":41246,"minecraft:fall_one_cm":3086,"minecraft:fly_one_cm":393078},"minecraft:used":{"minecraft:moss_block":22,"blue_skies:maple_sword":11,"minecraft:dirt":27,"minecraft:azalea_leaves":1,"minecraft:flint_and_steel":3,"minecraft:grass_block":22,"twilightforest:fiery_sword":5,"nutrias_dedsafio:nutria_spawn_egg":1,"minecraft:chain":2},"minecraft:picked_up":{"minecraft:arrow":2,"minecraft:bone":3,"minecraft:bow":1,"alexsmobs:maggot":2,"minecraft:moss_block":8,"minecraft:spruce_trapdoor":2,"minecraft:dirt":12},"minecraft:killed":{"minecraft:skeleton":3,"nutrias_dedsafio:nutria":1}},"DataVersion":2975}