{"stats":{"minecraft:custom":{"minecraft:time_since_rest":4988,"minecraft:crouch_one_cm":96,"minecraft:sprint_one_cm":25137,"minecraft:play_time":22280,"minecraft:deaths":2,"minecraft:damage_taken":220,"minecraft:walk_one_cm":12016,"minecraft:sneak_time":355,"minecraft:walk_under_water_one_cm":5008,"minecraft:jump":214,"minecraft:leave_game":5,"minecraft:walk_on_water_one_cm":1562,"minecraft:time_since_death":4957,"minecraft:climb_one_cm":867,"minecraft:total_world_time":22280,"minecraft:fall_one_cm":3058,"minecraft:fly_one_cm":178540},"minecraft:used":{"armaduras_d:ajolote_helmet":1,"minecraft:glowstone":17,"minecraft:dirt":4,"minecraft:sand":10,"minecraft:grass_block":5,"armaduras_d:ajolote_chestplate":1,"minecraft:stone":2,"armaduras_d:ajolote_leggings":1,"armaduras_d:ajolote_boots":1},"minecraft:picked_up":{"minecraft:dirt":1},"minecraft:mined":{"minecraft:grass":2,"minecraft:grass_block":1,"minecraft:tall_grass":1}},"DataVersion":2975}