{"stats":{"minecraft:custom":{"minecraft:open_chest":19,"minecraft:time_since_rest":15756,"minecraft:interact_with_anvil":1,"minecraft:crouch_one_cm":9674,"minecraft:sprint_one_cm":88898,"minecraft:play_time":58270,"minecraft:deaths":14,"minecraft:damage_taken":8446,"minecraft:walk_one_cm":50308,"minecraft:sneak_time":3023,"minecraft:walk_under_water_one_cm":8687,"minecraft:mob_kills":1,"minecraft:drop":2,"minecraft:jump":848,"minecraft:damage_dealt":119,"minecraft:leave_game":6,"minecraft:walk_on_water_one_cm":2221,"minecraft:time_since_death":15712,"minecraft:climb_one_cm":14762,"minecraft:total_world_time":58270,"minecraft:fall_one_cm":105938,"minecraft:fly_one_cm":404983},"minecraft:dropped":{"minecraft:glowstone":1,"blue_skies:diopside_chestplate":1},"minecraft:killed":{"minecraft:zombie":1},"minecraft:used":{"armaduras_d:ajolote_helmet":2,"minecraft:glowstone":17,"minecraft:dirt":16,"minecraft:sand":10,"minecraft:anvil":1,"minecraft:grass_block":8,"armaduras_d:ajolote_chestplate":2,"minecraft:barrier":1,"minecraft:chest":3,"minecraft:stone":284,"armaduras_d:ajolote_leggings":1,"armaduras_d:ajolote_boots":1},"minecraft:killed_by":{"minecraft:drowned":1},"minecraft:picked_up":{"minecraft:rotten_flesh":1,"minecraft:wooden_pickaxe":1,"minecraft:stone_button":26,"minecraft:dirt":1,"blue_skies:diopside_chestplate":1},"minecraft:mined":{"minecraft:grass":4,"minecraft:grass_block":1,"minecraft:tall_grass":1}},"DataVersion":2975}