{"stats":{"minecraft:custom":{"minecraft:jump":75,"minecraft:open_chest":1,"minecraft:time_since_rest":7768,"minecraft:damage_dealt":40,"minecraft:crouch_one_cm":665,"minecraft:leave_game":2,"minecraft:play_time":7768,"minecraft:sprint_one_cm":9925,"minecraft:damage_taken":55,"minecraft:time_since_death":7768,"minecraft:walk_one_cm":7981,"minecraft:sneak_time":263,"minecraft:total_world_time":7768,"minecraft:fall_one_cm":484,"minecraft:fly_one_cm":160376},"minecraft:used":{"minecraft:moss_block":21,"blue_skies:maple_sword":1,"minecraft:dirt":27,"minecraft:grass_block":22},"minecraft:picked_up":{"minecraft:moss_block":8,"minecraft:spruce_trapdoor":2,"minecraft:dirt":12}},"DataVersion":2975}