{"stats":{"minecraft:custom":{"minecraft:time_since_rest":2235,"minecraft:crouch_one_cm":8482,"minecraft:sprint_one_cm":70238,"minecraft:play_time":44749,"minecraft:deaths":14,"minecraft:damage_taken":8406,"minecraft:walk_one_cm":34312,"minecraft:sneak_time":2654,"minecraft:walk_under_water_one_cm":8579,"minecraft:mob_kills":1,"minecraft:jump":659,"minecraft:damage_dealt":119,"minecraft:leave_game":5,"minecraft:walk_on_water_one_cm":1999,"minecraft:time_since_death":2191,"minecraft:climb_one_cm":14762,"minecraft:total_world_time":44749,"minecraft:fall_one_cm":99789,"minecraft:fly_one_cm":328537},"minecraft:killed":{"minecraft:zombie":1},"minecraft:used":{"armaduras_d:ajolote_helmet":2,"minecraft:glowstone":17,"minecraft:dirt":16,"minecraft:sand":10,"minecraft:grass_block":8,"armaduras_d:ajolote_chestplate":2,"minecraft:barrier":1,"minecraft:stone":2,"armaduras_d:ajolote_leggings":1,"armaduras_d:ajolote_boots":1},"minecraft:killed_by":{"minecraft:drowned":1},"minecraft:picked_up":{"minecraft:rotten_flesh":1,"minecraft:dirt":1},"minecraft:mined":{"minecraft:grass":4,"minecraft:grass_block":1,"minecraft:tall_grass":1}},"DataVersion":2975}