{"stats":{"minecraft:custom":{"minecraft:time_since_rest":15320,"minecraft:open_chest":1,"minecraft:crouch_one_cm":747,"minecraft:sprint_one_cm":18346,"minecraft:play_time":15320,"minecraft:damage_taken":125,"minecraft:walk_one_cm":18783,"minecraft:sneak_time":362,"minecraft:mob_kills":4,"minecraft:jump":147,"minecraft:damage_dealt":740,"minecraft:leave_game":2,"minecraft:time_since_death":15320,"minecraft:climb_one_cm":525,"minecraft:total_world_time":15320,"minecraft:fall_one_cm":2005,"minecraft:fly_one_cm":246142},"minecraft:used":{"minecraft:moss_block":21,"blue_skies:maple_sword":11,"minecraft:dirt":27,"twilightforest:fiery_sword":5,"minecraft:grass_block":22,"nutrias_dedsafio:nutria_spawn_egg":1},"minecraft:picked_up":{"minecraft:bone":3,"minecraft:arrow":2,"minecraft:bow":1,"minecraft:moss_block":8,"minecraft:spruce_trapdoor":2,"minecraft:dirt":12},"minecraft:killed":{"minecraft:skeleton":3,"nutrias_dedsafio:nutria":1}},"DataVersion":2975}