{"stats":{"minecraft:killed_by":{"minecraft:creeper":1},"minecraft:picked_up":{"minecraft:moss_block":4,"alexsmobs:animal_dictionary":1,"minecraft:dirt":10},"minecraft:custom":{"minecraft:jump":77,"minecraft:time_since_rest":10668,"minecraft:damage_dealt":49,"minecraft:crouch_one_cm":75,"minecraft:deaths":1,"minecraft:sprint_one_cm":5457,"minecraft:play_time":11687,"minecraft:damage_taken":225,"minecraft:time_since_death":10631,"minecraft:walk_one_cm":7232,"minecraft:sneak_time":62,"minecraft:total_world_time":11687,"minecraft:fall_one_cm":226,"minecraft:fly_one_cm":72135},"minecraft:used":{"minecraft:moss_block":6,"minecraft:iron_sword":1,"minecraft:dirt":2,"minecraft:coarse_dirt":3,"minecraft:grass_block":78}},"DataVersion":2975}