{"stats":{"minecraft:custom":{"minecraft:jump":5,"minecraft:time_since_rest":2843,"minecraft:sprint_one_cm":3141,"minecraft:play_time":2843,"minecraft:walk_on_water_one_cm":184,"minecraft:time_since_death":2843,"minecraft:walk_one_cm":705,"minecraft:sneak_time":86,"minecraft:total_world_time":2843,"minecraft:walk_under_water_one_cm":2766,"minecraft:fall_one_cm":209,"minecraft:fly_one_cm":74376},"minecraft:used":{"minecraft:glowstone":1,"minecraft:dirt":4,"minecraft:grass_block":1}},"DataVersion":2975}