{"stats":{"minecraft:custom":{"minecraft:time_since_rest":3011,"minecraft:crouch_one_cm":3752,"minecraft:sprint_one_cm":47995,"minecraft:play_time":32749,"minecraft:deaths":8,"minecraft:damage_taken":4160,"minecraft:walk_one_cm":22558,"minecraft:sneak_time":1479,"minecraft:walk_under_water_one_cm":8579,"minecraft:jump":453,"minecraft:leave_game":5,"minecraft:walk_on_water_one_cm":1999,"minecraft:time_since_death":2985,"minecraft:climb_one_cm":4466,"minecraft:total_world_time":32749,"minecraft:fall_one_cm":50653,"minecraft:fly_one_cm":269251},"minecraft:used":{"armaduras_d:ajolote_helmet":2,"minecraft:glowstone":17,"minecraft:dirt":16,"minecraft:sand":10,"minecraft:grass_block":8,"armaduras_d:ajolote_chestplate":2,"minecraft:barrier":1,"minecraft:stone":2,"armaduras_d:ajolote_leggings":1,"armaduras_d:ajolote_boots":1},"minecraft:picked_up":{"minecraft:dirt":1},"minecraft:mined":{"minecraft:grass":2,"minecraft:grass_block":1,"minecraft:tall_grass":1}},"DataVersion":2975}