{"stats":{"minecraft:custom":{"minecraft:open_chest":1,"minecraft:time_since_rest":43868,"minecraft:crouch_one_cm":2258,"minecraft:play_time":50310,"minecraft:sprint_one_cm":36949,"minecraft:damage_taken":555,"minecraft:walk_one_cm":41639,"minecraft:deaths":2,"minecraft:sneak_time":792,"minecraft:mob_kills":11,"minecraft:jump":381,"minecraft:damage_dealt":2036,"minecraft:leave_game":3,"minecraft:time_since_death":43842,"minecraft:climb_one_cm":12,"minecraft:total_world_time":50310,"minecraft:fly_one_cm":228208,"minecraft:fall_one_cm":443},"minecraft:picked_up":{"minecraft:coarse_dirt":6,"minecraft:bone":2,"minecraft:rotten_flesh":5,"minecraft:diamond_sword":1,"alexsmobs:maggot":3,"minecraft:grass_block":1,"minecraft:moss_block":6,"minecraft:dirt":27,"minecraft:string":2,"alexsmobs:animal_dictionary":2,"minecraft:ender_pearl":1},"minecraft:killed_by":{"minecraft:creeper":1,"minecraft:zombie":1},"minecraft:killed":{"minecraft:skeleton":1,"minecraft:spider":2,"alexsmobs:fly":1,"minecraft:zombie":5,"minecraft:creeper":1,"minecraft:enderman":1},"minecraft:used":{"minecraft:diamond_sword":30,"minecraft:moss_block":9,"minecraft:oak_leaves":5,"minecraft:dirt":55,"minecraft:grass_block":9,"alexsmobs:animal_dictionary":1,"minecraft:ender_pearl":3,"minecraft:magenta_concrete":1,"minecraft:coarse_dirt":2,"minecraft:oak_log":10}},"DataVersion":2975}