{"stats":{"minecraft:picked_up":{"dedsafio_by_forzaken:taxi":2,"minecraft:porkchop":3,"minecraft:skull_pottery_sherd":1,"dedsafio_by_forzaken:aguacate":1,"dedsafio_by_forzaken:armadura_infernal_chestplate":1},"minecraft:used":{"dedsafio_by_forzaken:armadura_infernal_chestplate":1,"minecraft:diamond_sword":1,"minecraft:sand":1,"dedsafio_by_forzaken:armadura_infernal_helmet":1,"dedsafio_by_forzaken:armadura_infernal_leggings":1,"dedsafio_by_forzaken:infernal_sword":5,"dedsafio_by_forzaken:rana_gigante_spawn_egg":1,"dedsafio_by_forzaken:sapo_spawn_egg":1,"minecraft:white_bed":1,"dedsafio_by_forzaken:batidora_legendaria":1,"dedsafio_by_forzaken:taxi":2,"dedsafio_by_forzaken:casino":1,"dedsafio_by_forzaken:armadura_infernal_boots":1},"minecraft:dropped":{"dedsafio_by_forzaken:aguacate":1,"dedsafio_by_forzaken:armadura_infernal_chestplate":1,"minecraft:skull_pottery_sherd":1},"minecraft:killed":{"dedsafio_by_forzaken:sapo":1,"dedsafio_by_forzaken:rana_gigante":1,"dedsafio_by_forzaken:taxi_23":2,"minecraft:pig":1},"minecraft:custom":{"minecraft:time_since_rest":9685,"minecraft:play_time":24587,"minecraft:sprint_one_cm":7470,"minecraft:damage_taken":30,"minecraft:walk_one_cm":10616,"minecraft:sneak_time":90,"minecraft:walk_under_water_one_cm":540,"minecraft:mob_kills":5,"minecraft:drop":3,"minecraft:jump":104,"minecraft:leave_game":1,"minecraft:damage_dealt":720,"minecraft:time_since_death":24587,"minecraft:walk_on_water_one_cm":1136,"minecraft:sleep_in_bed":1,"minecraft:total_world_time":24587,"minecraft:fall_one_cm":775,"minecraft:fly_one_cm":68590}},"DataVersion":3465}