{"stats":{"minecraft:picked_up":{"dedsafio_by_forzaken:taxi":2,"minecraft:porkchop":3,"minecraft:skull_pottery_sherd":1,"dedsafio_by_forzaken:aguacate":1,"dedsafio_by_forzaken:armadura_infernal_chestplate":1},"minecraft:used":{"dedsafio_by_forzaken:armadura_infernal_chestplate":1,"minecraft:sand":1,"dedsafio_by_forzaken:armadura_infernal_helmet":1,"dedsafio_by_forzaken:armadura_infernal_leggings":1,"dedsafio_by_forzaken:infernal_sword":1,"dedsafio_by_forzaken:batidora_legendaria":1,"dedsafio_by_forzaken:taxi":2,"dedsafio_by_forzaken:casino":1,"dedsafio_by_forzaken:armadura_infernal_boots":1},"minecraft:dropped":{"dedsafio_by_forzaken:aguacate":1,"dedsafio_by_forzaken:armadura_infernal_chestplate":1,"minecraft:skull_pottery_sherd":1},"minecraft:killed":{"dedsafio_by_forzaken:taxi_23":2,"minecraft:pig":1},"minecraft:custom":{"minecraft:time_since_rest":13623,"minecraft:play_time":13623,"minecraft:sprint_one_cm":6491,"minecraft:damage_taken":30,"minecraft:walk_one_cm":9454,"minecraft:sneak_time":82,"minecraft:walk_under_water_one_cm":540,"minecraft:mob_kills":3,"minecraft:drop":3,"minecraft:jump":80,"minecraft:damage_dealt":120,"minecraft:time_since_death":13623,"minecraft:walk_on_water_one_cm":987,"minecraft:total_world_time":13623,"minecraft:fall_one_cm":775,"minecraft:fly_one_cm":60663}},"DataVersion":3465}