{"stats":{"minecraft:used":{"alexsmobs:stradpole_bucket":1,"minecraft:oak_fence":70,"minecraft:mossy_stone_bricks":1,"blue_skies:dawn_blinding_keystone":1,"minecraft:water_bucket":59,"minecraft:netherite_sword":18,"minecraft:end_rod":20,"minecraft:smooth_quartz_slab":106,"alexsmobs:small_catfish_bucket":1,"minecraft:axolotl_spawn_egg":15,"minecraft:stone":2,"minecraft:quartz_stairs":16,"alexsmobs:spawn_egg_straddler":1,"minecraft:deepslate_bricks":137,"biomesoplenty:mahogany_log":9,"minecraft:oak_leaves":57,"alexsmobs:spawn_egg_catfish":8,"minecraft:glow_berries":1108,"minecraft:dirt":13,"twilightforest:carminite_golem_spawn_egg":2,"minecraft:spyglass":31,"alexsmobs:spawn_egg_flying_fish":4,"minecraft:glow_lichen":3,"minecraft:deepslate_brick_stairs":3,"minecraft:oak_log":23,"minecraft:wooden_axe":1,"alexsmobs:maggot":1,"minecraft:quartz_pillar":20,"minecraft:heavy_weighted_pressure_plate":10,"minecraft:lantern":348,"minecraft:grass_block":982,"minecraft:barrier":240,"minecraft:spore_blossom":113,"minecraft:stone_bricks":3,"biomesoplenty:mahogany_sapling":137,"minecraft:bamboo":1,"alexsmobs:spawn_egg_stradpole":1,"minecraft:diamond_sword":10,"alexsmobs:spawn_egg_blobfish":4,"minecraft:oak_sapling":1,"minecraft:bucket":2,"alexsmobs:animal_dictionary":7,"minecraft:bone_meal":256,"alexsmobs:blobfish":2},"minecraft:dropped":{"minecraft:spore_blossom":1,"minecraft:glow_berries":3,"minecraft:grass_block":1},"minecraft:picked_up":{"minecraft:barrier":1,"minecraft:basalt":1,"minecraft:golden_leggings":1,"twilightforest:carminite_golem_spawn_egg":1,"minecraft:heavy_weighted_pressure_plate":5,"minecraft:dirt":1,"minecraft:lantern":3,"minecraft:bone":3,"minecraft:spore_blossom":69,"minecraft:iron_ingot":2,"minecraft:bamboo":6,"alexsmobs:blobfish":2,"twilightforest:towerwood":2,"minecraft:phantom_membrane":1,"minecraft:porkchop":3,"minecraft:grass_block":1,"minecraft:spider_eye":1,"alexsmobs:raw_catfish":10,"minecraft:arrow":3,"biomesoplenty:mahogany_sapling":66,"minecraft:end_rod":1,"alexsmobs:maggot":6,"minecraft:oak_sapling":1,"minecraft:glow_berries":5,"alexsmobs:flying_fish":1,"minecraft:ender_pearl":1},"minecraft:killed":{"twilightforest:carminite_golem":1,"minecraft:pig":1,"minecraft:spider":1,"alexsmobs:stradpole":1,"minecraft:phantom":2,"minecraft:skeleton":3,"alexsmobs:straddler":1,"alexsmobs:fly":2,"minecraft:enderman":1,"minecraft:blaze":1},"minecraft:custom":{"minecraft:mob_kills":21,"minecraft:interact_with_keystone":2,"minecraft:leave_game":5,"minecraft:time_since_death":29332,"minecraft:climb_one_cm":3597,"minecraft:time_since_rest":29369,"minecraft:sprint_one_cm":73608,"minecraft:damage_taken":190,"minecraft:walk_one_cm":335515,"minecraft:drop":5,"minecraft:damage_dealt":3678,"minecraft:swim_one_cm":6480,"minecraft:talked_to_villager":5,"minecraft:fly_one_cm":1363406,"minecraft:play_time":271129,"minecraft:crouch_one_cm":4987,"minecraft:deaths":2,"minecraft:sneak_time":11297,"minecraft:walk_under_water_one_cm":15210,"minecraft:jump":874,"minecraft:walk_on_water_one_cm":17929,"minecraft:total_world_time":271129,"minecraft:fall_one_cm":4843}},"DataVersion":2975}