{"stats":{"minecraft:used":{"minecraft:deepslate_tiles":460,"minecraft:oak_fence":1,"minecraft:stone_brick_slab":10,"minecraft:netherite_block":1,"minecraft:netherite_sword":24,"twilightforest:spiral_bricks":15,"minecraft:sea_lantern":10,"minecraft:quartz_pillar":1,"minecraft:flint_and_steel":16,"minecraft:polished_deepslate":6,"minecraft:chiseled_deepslate":12,"minecraft:lantern":287,"minecraft:grass_block":1,"minecraft:barrier":63,"minecraft:blackstone_stairs":31,"minecraft:ladder":8,"minecraft:polished_blackstone_brick_wall":17,"minecraft:blackstone":178,"twilightforest:fiery_block":2,"minecraft:deepslate":237,"biomesoplenty:mahogany_log":1,"minecraft:soul_lantern":22,"minecraft:deepslate_bricks":421,"minecraft:smooth_basalt":21,"minecraft:blackstone_slab":10,"minecraft:soul_campfire":1,"minecraft:torch":1,"minecraft:chiseled_stone_bricks":9,"minecraft:diamond_sword":16,"minecraft:glowstone":37,"minecraft:soul_sand":13,"minecraft:deepslate_tile_stairs":102,"minecraft:blackstone_wall":160,"minecraft:deepslate_tile_slab":25,"minecraft:deepslate_brick_slab":40,"alexsmobs:animal_dictionary":1,"minecraft:acacia_sapling":1,"minecraft:tuff":7,"minecraft:cobbled_deepslate":18,"minecraft:deepslate_brick_stairs":14},"minecraft:dropped":{"minecraft:barrier":1},"minecraft:picked_up":{"minecraft:barrier":64,"minecraft:lead":3,"minecraft:diamond_sword":5,"minecraft:porkchop":2,"minecraft:sea_lantern":1,"minecraft:string":6,"minecraft:blackstone":1,"minecraft:arrow":1,"minecraft:rotten_flesh":2,"minecraft:wheat_seeds":2,"minecraft:soul_lantern":1,"minecraft:iron_ingot":2,"minecraft:glowstone":1,"alexsmobs:maggot":9},"minecraft:killed":{"twilightforest:carminite_golem":1,"minecraft:skeleton":1,"minecraft:husk":1,"minecraft:zombie":1,"minecraft:pig":1,"minecraft:spider":2,"alexsmobs:fly":1,"minecraft:villager":1,"minecraft:phantom":3},"minecraft:custom":{"minecraft:time_since_rest":31780,"minecraft:sprint_one_cm":113423,"minecraft:walk_one_cm":279198,"minecraft:mob_kills":11,"minecraft:drop":1,"minecraft:damage_dealt":2200,"minecraft:talked_to_villager":5,"minecraft:fly_one_cm":1200850,"minecraft:deaths":1,"minecraft:crouch_one_cm":5396,"minecraft:play_time":182647,"minecraft:sneak_time":6004,"minecraft:walk_under_water_one_cm":988,"minecraft:jump":281,"minecraft:time_since_death":31758,"minecraft:leave_game":3,"minecraft:walk_on_water_one_cm":4319,"minecraft:climb_one_cm":665,"minecraft:total_world_time":182647,"minecraft:fall_one_cm":1614}},"DataVersion":2975}