{"stats":{"minecraft:dropped":{"minecraft:ender_pearl":10,"minecraft:spore_blossom":64,"minecraft:barrier":64,"minecraft:golden_apple":13,"minecraft:heart_of_the_sea":1,"enhanced_armor:white_netherite":2,"minecraft:amethyst_shard":10,"the_bumblezone:porous_honeycomb_block":64,"minecraft:redstone_block":64,"minecraft:honeycomb_block":64,"enhanced_armor:runa":2,"minecraft:diamond_sword":10,"enhanced_armor:vel_coin":4,"minecraft:oak_boat":1,"minecraft:golden_sword":1,"biomesoplenty:mahogany_sapling":64},"minecraft:custom":{"minecraft:interact_with_smithing_table":2,"minecraft:mob_kills":27,"minecraft:animals_bred":3,"minecraft:interact_with_crafting_table":1,"minecraft:leave_game":22,"minecraft:time_since_death":168,"minecraft:climb_one_cm":14131,"minecraft:sprint_one_cm":511498,"minecraft:walk_one_cm":915491,"minecraft:drop":60,"minecraft:talked_to_villager":8,"minecraft:play_time":747770,"minecraft:deaths":31,"minecraft:sneak_time":23639,"minecraft:walk_under_water_one_cm":22216,"minecraft:jump":3514,"minecraft:walk_on_water_one_cm":37671,"minecraft:total_world_time":747770,"minecraft:interact_with_furnace":1,"minecraft:play_record":2,"minecraft:sleep_in_bed":2,"minecraft:time_since_rest":188,"minecraft:damage_taken":11270,"minecraft:damage_dealt":9187,"minecraft:swim_one_cm":7247,"minecraft:fly_one_cm":7810847,"minecraft:open_chest":2,"minecraft:crouch_one_cm":10411,"minecraft:fall_one_cm":8319},"minecraft:picked_up":{"the_bumblezone:porous_honeycomb_block":170,"minecraft:crafting_table":64,"enhanced_armor:white_netherite_block":62,"minecraft:redstone_block":322,"minecraft:diamond_sword":15,"twilightforest:naga_trophy":1,"minecraft:lead":8,"minecraft:string":1,"the_bumblezone:empty_honeycomb_brood_block":81,"minecraft:netherite_sword":1,"minecraft:bucket":1,"minecraft:beef":64,"minecraft:oak_boat":2,"twilightforest:naga_scale":9,"alexsmobs:raccoon_tail":7,"minecraft:stone":64,"minecraft:torch":1,"enhanced_armor:runa":2,"minecraft:porkchop":59,"queen_bee:stinger":1,"minecraft:honeycomb_block":543,"twilightforest:carminite":17,"minecraft:command_block":3,"minecraft:arrow":3,"minecraft:rotten_flesh":20,"enhanced_armor:vel_coin":5,"minecraft:blackstone_wall":1,"minecraft:glowstone":1,"minecraft:deepslate_brick_stairs":3,"minecraft:glow_berries":3,"minecraft:white_wool":11,"minecraft:snowball":1,"alexsmobs:kangaroo_meat":1,"minecraft:soul_campfire":1,"minecraft:barrier":1,"minecraft:feather":1,"minecraft:salmon":1,"minecraft:blackstone_slab":1,"minecraft:leather":5,"twilightforest:ur_ghast_trophy":2,"the_bumblezone:music_disc_flight_of_the_bumblebee_rimsky_korsakov":1,"alexsmobs:bear_fur":1,"minecraft:deepslate_tile_slab":1,"minecraft:dirt":3,"minecraft:lantern":29,"minecraft:white_banner":1,"minecraft:bone":6,"twilightforest:fiery_tears":17,"minecraft:cobbled_deepslate_slab":1,"the_bumblezone:bee_bread":45,"minecraft:bamboo":63,"minecraft:powered_rail":6,"minecraft:honeycomb":57,"minecraft:oak_planks":59,"minecraft:iron_sword":1,"the_bumblezone:beehive_beeswax":25,"twilightforest:fiery_block":1,"twilightforest:giant_pickaxe":1,"the_bumblezone:music_disc_honey_bee_rat_faced_boy":1,"minecraft:sand":39,"minecraft:amethyst_shard":4,"minecraft:white_bed":3,"minecraft:grass_block":9,"alexsmobs:animal_dictionary":1,"alexsmobs:raw_catfish":1,"enhanced_armor:white_netherite":4,"minecraft:golden_apple":6,"alexsmobs:maggot":22,"twilightforest:spiral_bricks":1,"minecraft:coal":28,"minecraft:ender_pearl":4},"minecraft:mined":{"the_bumblezone:filled_porous_honeycomb_block":1,"minecraft:bee_nest":1},"minecraft:killed":{"minecraft:cave_spider":1,"queen_bee:queen_bee":1,"minecraft:spider":1,"alexsmobs:soul_vulture":1,"alexsmobs:frilled_shark":2,"alexsmobs:kangaroo":1,"minecraft:husk":4,"twilightforest:unstable_ice_core":1,"minecraft:salmon":1,"minecraft:wandering_trader":2,"twilightforest:giant_miner":1,"alexsmobs:catfish":1,"minecraft:trader_llama":2,"minecraft:pillager":1,"minecraft:zombie":2,"difficultraids:tank_illager":1,"twilightforest:ur_ghast":1,"alexsmobs:roadrunner":1,"minecraft:wither_skeleton":1,"minecraft:villager":1},"minecraft:used":{"the_bumblezone:honeycomb_brood_block":27,"minecraft:oak_fence":42,"minecraft:netherite_sword":33,"alexsmobs:banana_peel":6,"the_bumblezone:sugar_water_bucket":19,"twilightforest:spiral_bricks":2,"alexsmobs:rainbow_glass":5,"minecraft:dead_bush":2,"minecraft:cracked_deepslate_bricks":11,"minecraft:smooth_quartz_slab":53,"twilightforest:ur_ghast_spawn_egg":1,"minecraft:chest":5,"biomesoplenty:mahogany_leaves":284,"minecraft:stone":510,"minecraft:wither_skeleton_spawn_egg":1,"minecraft:quartz_stairs":26,"minecraft:grass":394,"the_bumblezone:honey_slime_spawn_egg":4,"twilightforest:hollow_time_log":7,"minecraft:bee_spawn_egg":120,"minecraft:dirt":94,"minecraft:white_carpet":12,"minecraft:deepslate_tile_slab":3,"the_bumblezone:porous_honeycomb_block":67,"minecraft:bee_nest":3,"minecraft:tuff":2,"minecraft:glow_lichen":508,"minecraft:big_dripleaf":27,"minecraft:shroomlight":10,"minecraft:stone_brick_slab":1154,"minecraft:honey_block":82,"minecraft:flowering_azalea":29,"minecraft:sea_lantern":110,"the_bumblezone:music_disc_honey_bee_rat_faced_boy":1,"minecraft:quartz_pillar":11,"minecraft:lantern":450,"minecraft:grass_block":1187,"alexsmobs:spawn_egg_grizzly_bear":2,"twilightforest:brown_thorns":2,"minecraft:bamboo":740,"minecraft:stone_brick_stairs":216,"minecraft:stone_bricks":8,"minecraft:honeycomb_block":472,"biomesoplenty:mahogany_sapling":422,"the_bumblezone:honey_bucket":2549,"minecraft:red_carpet":14,"alexsmobs:spawn_egg_stradpole":1,"minecraft:glowstone":11,"the_bumblezone:music_disc_flight_of_the_bumblebee_rimsky_korsakov":1,"minecraft:tall_grass":15,"twilightforest:twisted_stone_pillar":3,"minecraft:furnace":2,"minecraft:deepslate_tile_stairs":8,"minecraft:salmon_spawn_egg":1,"alexsmobs:spawn_egg_roadrunner":1,"minecraft:cobbled_deepslate":109,"minecraft:spider_spawn_egg":1,"alexsmobs:spawn_egg_soul_vulture":1,"minecraft:water_bucket":338,"minecraft:mossy_stone_bricks":32,"minecraft:end_rod":7,"minecraft:lime_wool":26,"minecraft:ender_pearl":3,"minecraft:redstone_block":34,"twilightforest:unstable_ice_core_spawn_egg":1,"minecraft:beacon":1,"minecraft:deepslate_bricks":44,"biomesoplenty:mahogany_log":65,"minecraft:glow_berries":1487,"minecraft:mossy_cobblestone":204,"the_bumblezone:filled_porous_honeycomb_block":2,"minecraft:comparator":1,"minecraft:vine":911,"minecraft:tnt":6,"minecraft:crafting_table":9,"enhanced_armor:enhanced_armor_helmet":2,"minecraft:white_bed":2,"minecraft:cave_spider_spawn_egg":1,"queen_bee:queen_bee_spawn_egg":1,"twilightforest:trophy_pedestal":3,"minecraft:deepslate_brick_stairs":137,"minecraft:deepslate_tile_wall":9,"minecraft:redstone_torch":14,"twilightforest:ur_ghast_trophy":1,"alexsmobs:spawn_egg_fly":1,"biomesoplenty:spider_egg":2,"minecraft:acacia_stairs":4,"savage_and_ravage:blast_proof_plates":4,"minecraft:command_block":23,"minecraft:lime_carpet":2,"minecraft:iron_pickaxe":1,"minecraft:bread":2,"minecraft:barrier":597,"minecraft:spore_blossom":82,"the_bumblezone:honey_crystal":93,"twilightforest:fiery_block":6,"minecraft:deepslate":2,"minecraft:flowering_azalea_leaves":22,"twilightforest:naga_courtyard_miniature_structure":1,"alexsmobs:spawn_egg_frilled_shark":2,"the_bumblezone:sticky_honey_residue":2,"minecraft:smithing_table":1,"minecraft:andesite":1,"minecraft:bucket":2,"minecraft:glass_pane":2,"minecraft:repeating_command_block":2,"minecraft:sea_pickle":30,"the_bumblezone:honey_web":477,"minecraft:splash_potion":1,"minecraft:bone_meal":97,"minecraft:jukebox":1},"minecraft:crafted":{"enhanced_armor:enhanced_armor_helmet":1,"minecraft:oak_boat":1}},"DataVersion":2975}