{
  "twilightforest:alt/treasures/tools": {
    "criteria": {
      "has_fiery": "2024-10-14 00:54:23 +0000"
    },
    "done": true
  },
  "betterdungeons:root": {
    "criteria": {
      "always": "2024-10-13 20:43:17 +0000"
    },
    "done": true
  },
  "minecraft:recipes/decorations/moss_carpet": {
    "criteria": {
      "has_moss_block": "2024-10-13 20:44:20 +0000"
    },
    "done": true
  },
  "minecraft:recipes/building_blocks/mossy_stone_bricks_from_moss_block": {
    "criteria": {
      "has_moss_block": "2024-10-13 20:44:20 +0000"
    },
    "done": true
  },
  "minecraft:recipes/redstone/dispenser": {
    "criteria": {
      "has_bow": "2024-10-14 00:52:16 +0000"
    },
    "done": true
  },
  "minecraft:recipes/decorations/chest": {
    "criteria": {
      "has_lots_of_items": "2024-10-14 00:55:45 +0000"
    },
    "done": true
  },
  "minecraft:adventure/kill_a_mob": {
    "criteria": {
      "minecraft:skeleton": "2024-10-14 00:52:15 +0000"
    },
    "done": true
  },
  "bmorph:bmorph/shapeshifter": {
    "criteria": {
      "requirement": "2024-10-14 00:52:23 +0000"
    },
    "done": true
  },
  "minecraft:adventure/kill_all_mobs": {
    "criteria": {
      "minecraft:skeleton": "2024-10-14 00:52:15 +0000"
    },
    "done": false
  },
  "twilightforest:fiery_set": {
    "criteria": {
      "fiery_sword": "2024-10-14 00:54:23 +0000"
    },
    "done": false
  },
  "twilightforest:alt/treasures/fiery_tool_set": {
    "criteria": {
      "has_sword": "2024-10-14 00:54:23 +0000"
    },
    "done": true
  },
  "bmorph:bmorph/root": {
    "criteria": {
      "requirement": "2024-10-13 20:43:17 +0000"
    },
    "done": true
  },
  "minecraft:recipes/building_blocks/mossy_cobblestone_from_moss_block": {
    "criteria": {
      "has_moss_block": "2024-10-13 20:44:20 +0000"
    },
    "done": true
  },
  "minecraft:adventure/root": {
    "criteria": {
      "killed_something": "2024-10-14 00:52:15 +0000"
    },
    "done": true
  },
  "minecraft:adventure/adventuring_time": {
    "criteria": {
      "minecraft:deep_ocean": "2024-10-13 20:43:16 +0000",
      "minecraft:windswept_hills": "2024-10-14 01:18:49 +0000",
      "minecraft:beach": "2024-10-14 00:49:54 +0000",
      "minecraft:dark_forest": "2024-10-14 00:49:46 +0000",
      "minecraft:river": "2024-10-14 00:49:56 +0000",
      "minecraft:windswept_forest": "2024-10-14 01:18:58 +0000",
      "minecraft:jungle": "2024-10-14 00:49:51 +0000",
      "minecraft:plains": "2024-10-13 20:43:42 +0000"
    },
    "done": false
  },
  "minecraft:recipes/misc/bone_meal": {
    "criteria": {
      "has_bone": "2024-10-14 00:52:16 +0000"
    },
    "done": true
  },
  "DataVersion": 2975
}