{
  "bmorph:bmorph/root": {
    "criteria": {
      "requirement": "2024-10-13 20:43:17 +0000"
    },
    "done": true
  },
  "betterdungeons:root": {
    "criteria": {
      "always": "2024-10-13 20:43:17 +0000"
    },
    "done": true
  },
  "minecraft:recipes/decorations/moss_carpet": {
    "criteria": {
      "has_moss_block": "2024-10-13 20:44:20 +0000"
    },
    "done": true
  },
  "minecraft:recipes/building_blocks/mossy_stone_bricks_from_moss_block": {
    "criteria": {
      "has_moss_block": "2024-10-13 20:44:20 +0000"
    },
    "done": true
  },
  "minecraft:recipes/building_blocks/mossy_cobblestone_from_moss_block": {
    "criteria": {
      "has_moss_block": "2024-10-13 20:44:20 +0000"
    },
    "done": true
  },
  "minecraft:adventure/adventuring_time": {
    "criteria": {
      "minecraft:deep_ocean": "2024-10-13 20:43:16 +0000",
      "minecraft:beach": "2024-10-14 00:49:54 +0000",
      "minecraft:dark_forest": "2024-10-14 00:49:46 +0000",
      "minecraft:river": "2024-10-14 00:49:56 +0000",
      "minecraft:jungle": "2024-10-14 00:49:51 +0000",
      "minecraft:plains": "2024-10-13 20:43:42 +0000"
    },
    "done": false
  },
  "DataVersion": 2975
}